﻿Designator,Footprint,Quantity,Value,LCSC Part #
"AM0, AM1, AM2, AM3, AM4, AM5",SSOP-24_5.3x8.2mm_P0.65mm,6,CD74HC4067SM,
AM0:1,HESwitch_1u_SMD,1,ESC,
AM0:10,HESwitch_1u_SMD,1,F9,
AM0:11,HESwitch_1u_SMD,1,F10,
AM0:12,HESwitch_1u_SMD,1,F11,
AM0:13,HESwitch_1u_SMD,1,F12,
AM0:14,HESwitch_1u_SMD,1,TILDE,
AM0:15,HESwitch_1u_SMD,1,1,
AM0:16,HESwitch_1u_SMD,1,2,
AM0:17,HESwitch_1u_SMD,1,3,
AM0:18,HESwitch_1u_SMD,1,4,
AM0:19,HESwitch_1u_SMD,1,5,
AM0:2,HESwitch_1u_SMD,1,F1,
AM0:20,HESwitch_1u_SMD,1,6,
AM0:21,HESwitch_1u_SMD,1,7,
AM0:22,HESwitch_1u_SMD,1,8,
AM0:23,HESwitch_1u_SMD,1,9,
AM0:24,HESwitch_1u_SMD,1,0,
AM0:25,HESwitch_1u_SMD,1,-,
AM0:26,HESwitch_1u_SMD,1,=,
AM0:27,HESwitch_2u_SMD,1,BACKSPACE,
AM0:28,HESwitch_1.5u_SMD,1,TAB,
AM0:29,HESwitch_1u_SMD,1,Q,
AM0:3,HESwitch_1u_SMD,1,F2,
AM0:30,HESwitch_1u_SMD,1,W,
AM0:31,HESwitch_1u_SMD,1,E,
AM0:32,HESwitch_1u_SMD,1,R,
AM0:33,HESwitch_1u_SMD,1,T,
AM0:34,HESwitch_1u_SMD,1,Y,
AM0:35,HESwitch_1u_SMD,1,U,
AM0:36,HESwitch_1u_SMD,1,I,
AM0:37,HESwitch_1u_SMD,1,O,
AM0:38,HESwitch_1u_SMD,1,P,
AM0:39,HESwitch_1u_SMD,1,[,
AM0:4,HESwitch_1u_SMD,1,F3,
AM0:40,HESwitch_1u_SMD,1,],
AM0:41,HESwitch_1.5u_SMD,1,\,
AM0:42,HESwitch_1.75u_SMD,1,CAPS,
AM0:43,HESwitch_1u_SMD,1,A,
AM0:44,HESwitch_1u_SMD,1,S,
AM0:45,HESwitch_1u_SMD,1,D,
AM0:46,HESwitch_1u_SMD,1,F,
AM0:47,HESwitch_1u_SMD,1,G,
AM0:48,HESwitch_1u_SMD,1,H,
AM0:49,HESwitch_1u_SMD,1,J,
AM0:5,HESwitch_1u_SMD,1,F4,
AM0:50,HESwitch_1u_SMD,1,K,
AM0:51,HESwitch_1u_SMD,1,L,
AM0:52,HESwitch_1u_SMD,1,;,
AM0:53,HESwitch_1u_SMD,1,',
AM0:54,HESwitch_2.25u_SMD,1,LEFT SHIFT,
AM0:55,HESwitch_1u_SMD,1,Z,
AM0:56,HESwitch_1u_SMD,1,X,
AM0:57,HESwitch_1u_SMD,1,C,
AM0:58,HESwitch_1u_SMD,1,V,
AM0:59,HESwitch_1u_SMD,1,B,
AM0:6,HESwitch_1u_SMD,1,F5,
AM0:60,HESwitch_1u_SMD,1,N,
AM0:61,HESwitch_1u_SMD,1,M,
AM0:62,HESwitch_1u_SMD,1,",",
AM0:63,HESwitch_1u_SMD,1,.,
AM0:64,HESwitch_1u_SMD,1,/,
AM0:65,HESwitch_2.75u_SMD,1,RIGHT SHIFT,
AM0:66,HESwitch_1.25u_SMD,1,LEFT CTRL,
AM0:67,HESwitch_1.25u_SMD,1,WINKEY,
AM0:68,HESwitch_1.25u_SMD,1,LEFT ALT,
AM0:69,HESwitch_6.25u_SMD,1,SPACE,
AM0:7,HESwitch_1u_SMD,1,F6,
AM0:70,HESwitch_1.25u_SMD,1,RIGHT ALT,
AM0:71,HESwitch_1.25u_SMD,1,RIGHT FN,
AM0:72,HESwitch_1.25u_SMD,1,RIGHT SUPER,
AM0:73,HESwitch_1.25u_SMD,1,RIGHT CTRL,
AM0:74,HESwitch_2.25u_SMD,1,ENTER,
AM0:75,HESwitch_1u_SMD,1,INS,
AM0:76,HESwitch_1u_SMD,1,DEL,
AM0:77,HESwitch_1u_SMD,1,HOME,
AM0:78,HESwitch_1u_SMD,1,END,
AM0:79,HESwitch_1u_SMD,1,PGUP,
AM0:8,HESwitch_1u_SMD,1,F7,
AM0:80,HESwitch_1u_SMD,1,PGDN,
AM0:81,HESwitch_1u_SMD,1,LEFTARROW,
AM0:82,HESwitch_1u_SMD,1,DOWNARROW,
AM0:83,HESwitch_1u_SMD,1,RIGHTARROW,
AM0:84,HESwitch_1u_SMD,1,UPARROW,
AM0:85,HESwitch_1u_SMD,1,PRTSCR,
AM0:86,HESwitch_1u_SMD,1,SCRLK,
AM0:87,HESwitch_1u_SMD,1,PAUSE,
AM0:9,HESwitch_1u_SMD,1,F8,
BOOT1,SW_SPST_TL3342,1,SW_Push,
"C2, C3, C4, C5, C6, C8, C9",0402,7,1 μF,
C7,0402,1,10 μF,
D1,0402,1,LED,
F1,1206,1,500mA,
J2,USB_C_Receptacle_HRO_TYPE-C-31-M-12,1,USB_C,
"R1, R2",0402,2,"5,1kΩ",
R3,0402,1,10kΩ,
R4,0402,1,220,
U1,LQFP-64_10x10mm_P0.5mm,1,STM32F405RGTx,
"U10, U11, U12, U13, U14, U15, U19, U20, U21, U22, U23, U24, U25, U26, U27, U28, U29, U3, U30, U31, U32, U33, U34, U35, U36, U37, U38, U39, U4, U40, U41, U42, U43, U44, U45, U46, U47, U48, U49, U5, U50, U51, U52, U53, U54, U55, U56, U57, U58, U59, U6, U60, U61, U62, U63, U64, U65, U66, U67, U68, U69, U7, U70, U71, U72, U73, U74, U75, U76, U77, U78, U79, U8, U80, U81, U82, U83, U84, U85, U86, U87, U88, U89, U9, U90, U91, U92",SOT-23,87,Hall_Sensor,C266230
U16,SOT-23-6,1,USBLC6-2SC6,
U17,SOT-23-3,1,XC6206P,
